{
    "R1_Mid_Lower_Ratio": {
        "ideal": 1.1079913404816664,
        "std": 0.10053584113955243,
        "weight": 1.0498403012752533,
        "mean_global": 1.0122517001838425
    },
    "R2_Cheek_Jaw_Ratio": {
        "ideal": 1.3323975617352612,
        "std": 0.03902615651744591,
        "weight": 4.35225635766983,
        "mean_global": 1.289744203752049
    },
    "R3_Face_Compactness": {
        "ideal": 0.8486409143739831,
        "std": 0.023262593439304608,
        "weight": 1.7553001642227173,
        "mean_global": 0.8631931271078785
    },
    "E4_Canthal_Tilt": {
        "ideal": 8.491617855039424,
        "std": 1.2436117772238262,
        "weight": 1.3369491696357727,
        "mean_global": 7.468244938509255
    },
    "E5_Eye_Aspect_Ratio": {
        "ideal": 0.39890440922094605,
        "std": 0.032703222230394076,
        "weight": 5.753613710403442,
        "mean_global": 0.36495738607201356
    },
    "E6_Interocular_Ratio": {
        "ideal": 1.2793651682328604,
        "std": 0.05727968075391962,
        "weight": 3.3842813968658447,
        "mean_global": 1.339551426643305
    },
    "B7_Eyebrow_Height": {
        "ideal": 0.7506560942468796,
        "std": 0.060844684792983036,
        "weight": 2.42770254611969,
        "mean_global": 0.8169259951400656
    },
    "B8_Eyebrow_Arch": {
        "ideal": 146.01239505320765,
        "std": 2.284599930447276,
        "weight": 3.5926929116249084,
        "mean_global": 143.98703627978162
    },
    "B9_Eyebrow_Thickness": {
        "ideal": 1.7651558099254787,
        "std": 0.18129417315196705,
        "weight": 3.332386016845703,
        "mean_global": 1.9576514610788747
    },
    "N10_Nose_Width_Ratio": {
        "ideal": 1.0992854169134914,
        "std": 0.03656095762146843,
        "weight": 2.03908234834671,
        "mean_global": 1.11332780513657
    },
    "N11_Nose_Length_Ratio": {
        "ideal": 0.7898496214407472,
        "std": 0.010089220368173958,
        "weight": 10.0,
        "mean_global": 0.772743098559044
    },
    "N12_Nose_Bridge_Ratio": {
        "ideal": 0.3060407267863546,
        "std": 0.009242116981669275,
        "weight": 2.463112026453018,
        "mean_global": 0.3028777917218279
    },
    "L13_Lip_Fullness": {
        "ideal": 0.35055550618809944,
        "std": 0.0445798966313139,
        "weight": 2.3543350398540497,
        "mean_global": 0.3499432153041164
    },
    "L14_Upper_Lower_Ratio": {
        "ideal": 0.5869253471387177,
        "std": 0.10146303589292968,
        "weight": 1.9795888662338257,
        "mean_global": 0.651894718717138
    },
    "L15_Mouth_Nose_Ratio": {
        "ideal": 1.1606150785318177,
        "std": 0.06369782875939142,
        "weight": 3.0456846952438354,
        "mean_global": 1.1874370859641812
    },
    "J16_Chin_Compactness": {
        "ideal": 0.4832271623457358,
        "std": 0.038128157370033014,
        "weight": 2.5941336154937744,
        "mean_global": 0.48907240127456286
    },
    "S17_Skin_Homogeneity": {
        "ideal": 6.517076891628559,
        "std": 2.765248682374714,
        "weight": 3.144204616546631,
        "mean_global": 5.2218823270730805
    },
    "S18_Skin_Lightness": {
        "ideal": 203.76178358351964,
        "std": 14.361750577538965,
        "weight": 3.678581416606903,
        "mean_global": 194.09063162946538
    },
    "S19_Skin_Contrast": {
        "ideal": 57.18564836499393,
        "std": 11.823527365556998,
        "weight": 2.5085610151290894,
        "mean_global": 50.92937502635513
    },
    "A20_Philtrum_Ratio": {
        "ideal": 0.49014606447528464,
        "std": 0.09395569287342258,
        "weight": 2.8382939100265503,
        "mean_global": 0.482750260436486
    },
    "A21_Nasolabial_Fold": {
        "ideal": 0.32827696066662543,
        "std": 0.6103513824826026,
        "weight": 4.750628769397736,
        "mean_global": 1.293926302980684
    },
    "A22_Crows_Feet": {
        "ideal": 16.76275705948768,
        "std": 7.9144986607421455,
        "weight": 2.3825643956661224,
        "mean_global": 15.279876567241718
    },
    "A23_Periorbital_Aging": {
        "ideal": 16.919142015213062,
        "std": 6.059074596688464,
        "weight": 2.3940642178058624,
        "mean_global": 14.237999349042065
    },
    "SYM_Symmetry_Index": {
        "ideal": 0.06827897649559517,
        "std": 0.052540322537285924,
        "weight": 2.3623546957969666,
        "mean_global": 0.04746857097766503
    }
}