{
    "R1_Mid_Lower_Ratio": {
        "ideal": 1.029999455089871,
        "std": 0.08650115747822341,
        "weight": 2.3468756675720215,
        "mean_global": 0.9265437128620637
    },
    "R2_Cheek_Jaw_Ratio": {
        "ideal": 1.3009425439050566,
        "std": 0.029469895073763276,
        "weight": 3.087497353553772,
        "mean_global": 1.2706181288850498
    },
    "R3_Face_Compactness": {
        "ideal": 0.8301240412622233,
        "std": 0.01750330934285398,
        "weight": 2.5104475021362305,
        "mean_global": 0.8548069999565021
    },
    "E4_Canthal_Tilt": {
        "ideal": 7.06069047895804,
        "std": 1.5062412646512446,
        "weight": 1.2244917452335358,
        "mean_global": 5.69226006375804
    },
    "E5_Eye_Aspect_Ratio": {
        "ideal": 0.34919222593757326,
        "std": 0.028575551832385526,
        "weight": 3.565184473991394,
        "mean_global": 0.32311528470978984
    },
    "E6_Interocular_Ratio": {
        "ideal": 1.2428875290506176,
        "std": 0.06235746036082999,
        "weight": 6.072758436203003,
        "mean_global": 1.3354177238149096
    },
    "B7_Eyebrow_Height": {
        "ideal": 0.7338653160033766,
        "std": 0.05246625300132,
        "weight": 3.8308286666870117,
        "mean_global": 0.824332169086373
    },
    "B8_Eyebrow_Arch": {
        "ideal": 146.94115904819722,
        "std": 2.648831783028053,
        "weight": 2.7954301238059998,
        "mean_global": 144.5923848431005
    },
    "B9_Eyebrow_Thickness": {
        "ideal": 2.039671228642313,
        "std": 0.1851475211983261,
        "weight": 2.1322540938854218,
        "mean_global": 2.2464012773213953
    },
    "N10_Nose_Width_Ratio": {
        "ideal": 1.1876898269482168,
        "std": 0.047773387483290984,
        "weight": 1.4635227620601654,
        "mean_global": 1.1610965310217387
    },
    "N11_Nose_Length_Ratio": {
        "ideal": 0.8040967088089799,
        "std": 0.015985240202757867,
        "weight": 10.0,
        "mean_global": 0.7762522846193175
    },
    "N12_Nose_Bridge_Ratio": {
        "ideal": 0.3225678063534454,
        "std": 0.01217367394183415,
        "weight": 3.4211263060569763,
        "mean_global": 0.30911362100620865
    },
    "L13_Lip_Fullness": {
        "ideal": 0.3373337404713426,
        "std": 0.05490212514844325,
        "weight": 2.060617506504059,
        "mean_global": 0.3489887467482303
    },
    "L14_Upper_Lower_Ratio": {
        "ideal": 0.5867199795501561,
        "std": 0.09319529645057165,
        "weight": 2.191525250673294,
        "mean_global": 0.6632740448131279
    },
    "L15_Mouth_Nose_Ratio": {
        "ideal": 1.1500343768941514,
        "std": 0.0549797778947986,
        "weight": 1.9271062314510345,
        "mean_global": 1.1682364098283582
    },
    "J16_Chin_Compactness": {
        "ideal": 0.494555609121197,
        "std": 0.03664666388767224,
        "weight": 2.8538772463798523,
        "mean_global": 0.49978411327457056
    },
    "S17_Skin_Homogeneity": {
        "ideal": 6.303192154203377,
        "std": 2.4248324227582674,
        "weight": 2.2526289522647858,
        "mean_global": 5.06677168140887
    },
    "S18_Skin_Lightness": {
        "ideal": 185.95053929022092,
        "std": 21.906687649448987,
        "weight": 1.430981308221817,
        "mean_global": 187.07748036277042
    },
    "S19_Skin_Contrast": {
        "ideal": 54.26561520411461,
        "std": 14.780422688801796,
        "weight": 2.0967386662960052,
        "mean_global": 48.24382795742093
    },
    "A20_Philtrum_Ratio": {
        "ideal": 0.4988850463932906,
        "std": 0.07365840451590541,
        "weight": 1.8852189183235168,
        "mean_global": 0.48336996286161343
    },
    "A21_Nasolabial_Fold": {
        "ideal": 2.312905711702938,
        "std": 3.5149313161569764,
        "weight": 1.7930354177951813,
        "mean_global": 2.472588187922897
    },
    "A22_Crows_Feet": {
        "ideal": 16.319714623543106,
        "std": 6.889927412698045,
        "weight": 1.6270186007022858,
        "mean_global": 13.788673468962557
    },
    "A23_Periorbital_Aging": {
        "ideal": 15.770536910078318,
        "std": 7.28987767929814,
        "weight": 2.6357856392860413,
        "mean_global": 11.965405677002108
    },
    "SYM_Symmetry_Index": {
        "ideal": 0.06051176228278947,
        "std": 0.042757125247437744,
        "weight": 1.7506760358810425,
        "mean_global": 0.04387578538675167
    }
}